"Keyword","Avg. Search Volume (Last Known Values)","Avg. Search Volume (Last 12 months)","Avg. Search Volume (Last 6 months)","Avg. Search Volume (Last 3 months)","Location","CPC/USD","PPC","Keyword Difficulty","Keyword interest growth (%)","Content Type","Search Intent","Keyword Opportunities","Serp Features","Search Volume 10/2019","Search Volume 11/2019","Search Volume 12/2019","Search Volume 1/2020","Search Volume 2/2020","Search Volume 3/2020","Search Volume 4/2020","Search Volume 5/2020","Search Volume 6/2020","Search Volume 7/2020","Search Volume 8/2020","Search Volume 9/2020","Search Volume 10/2020","Search Volume 11/2020","Search Volume 12/2020","Search Volume 1/2021","Search Volume 2/2021","Search Volume 3/2021","Search Volume 4/2021","Search Volume 5/2021","Search Volume 6/2021","Search Volume 7/2021","Search Volume 8/2021","Search Volume 9/2021","Search Volume 10/2021","Search Volume 11/2021","Search Volume 12/2021","Search Volume 1/2022","Search Volume 2/2022","Search Volume 3/2022","Search Volume 4/2022","Search Volume 5/2022","Search Volume 6/2022","Search Volume 7/2022","Search Volume 8/2022","Search Volume 9/2022","Search Volume 10/2022","Search Volume 11/2022","Search Volume 12/2022","Search Volume 1/2023","Search Volume 2/2023","Search Volume 3/2023","Search Volume 4/2023","Search Volume 5/2023","Search Volume 6/2023","Search Volume 7/2023","Search Volume 8/2023","Search Volume 9/2023","Search Volume 10/2023","Search Volume 11/2023","Search Volume 12/2023","Search Volume 1/2024","Search Volume 2/2024","Search Volume 3/2024","Search Volume 4/2024","Search Volume 5/2024","Search Volume 6/2024","Search Volume 7/2024","Search Volume 8/2024","Search Volume 9/2024","Search Volume 10/2024","Search Volume 11/2024","Search Volume 12/2024","Search Volume 1/2025","Search Volume 2/2025","Search Volume 3/2025","Search Volume 4/2025","Search Volume 5/2025","Search Volume 6/2025","Search Volume 7/2025","Search Volume 8/2025","Search Volume 9/2025","Search Volume 10/2025","Search Volume 11/2025","Search Volume 12/2025","Search Volume 1/2026","Search Volume 2/2026","Search Volume 3/2026","Search Volume 4/2026","Search Volume 5/2026","Search Volume 6/2026","Search Volume 7/2026","Search Volume 8/2026"
"systeme io",8200,8400,9800,4700,"United States","13.76",54,50,-37,"HOMEPAGES, REDDIT, G2, YOUTUBE, ANDROID","informational, navigational","Missing words in title","People Also Ask","","","","","","","","","","","","","","","",170,210,260,210,210,320,320,390,480,590,720,1000,1300,1300,1300,1300,1600,2400,2400,2400,2400,2400,2400,2900,3600,3600,4400,5400,6600,8100,8100,12100,12100,9900,9900,9900,12100,9900,9900,9900,12100,12100,12100,12100,9900,9900,8100,6600,8100,8100,9900,8100,8100,8100,8100,6600,6600,8100,6600,6600,6600,5400,33100,6600,5400,5400,4400,4400
"systeme io review",380,350,290,210,"United States","6.92",47,20,-59,"REVIEWS, REDDIT, TRUSTPILOT, YOUTUBE, TOOLS","","Missing words in title","AI Overview, People Also Ask","","","","","","","","","","","","","","","",,,,,,110,110,110,140,170,170,390,390,480,480,590,590,590,590,590,720,1000,590,590,720,720,880,720,720,720,880,1000,1000,1000,1000,1300,1300,1000,880,880,880,880,880,880,720,720,590,590,720,720,720,590,720,590,480,590,720,590,480,320,480,320,480,320,320,210,210,210
"systeme io pricing",610,600,590,510,"United States","12.49",51,20,-33,"CORPORATE_BLOG_POSTS","","Missing words in title","AI Overview, People Also Ask","","","","","","","","","","","","","","","",20,10,20,10,30,30,40,30,30,70,70,140,140,140,170,170,170,260,260,260,260,320,320,320,390,390,390,320,480,480,480,590,590,720,720,880,1000,880,1000,880,880,720,720,720,720,720,720,880,1000,880,880,880,880,880,720,720,720,590,590,590,720,590,720,720,590,480,590,480
"systeme io free plan",110,110,140,110,"United States","10.62",13,,56,"CORPORATE_BLOG_POSTS, LISTICLES","","Missing words in title","","","","","","","","","","","","","","","","",,,,,,,,,,,,,,,,,,,,,10,10,10,10,10,10,10,10,20,10,20,40,30,30,30,30,30,30,30,40,30,10,20,30,20,30,20,20,30,30,50,90,50,90,110,70,110,90,70,50,110,110,210,210,110,140,140,70
"what is systeme io",100,100,100,90,"United States","11.26",21,,-31,"","","","","","","","","","","","","","","","","","","",,,,,,,,,,,,,,,,,,,,,50,50,50,40,90,50,90,90,140,140,140,260,320,260,210,210,320,210,170,210,210,210,260,210,170,110,140,110,140,110,140,110,110,170,140,110,110,110,140,110,110,90,110,90,110,90,90,110
"systeme io alternatives",10,10,10,10,"United States","8.80",63,27,-44,"LISTICLES, CAPTERRA, G2","","Missing words in title","AI Overview, People Also Ask","","","","","","","","","","","","","","","",,,,,,,,,,,,,,,,,,,,,10,10,10,10,10,20,40,30,30,40,40,20,20,10,30,20,30,30,40,50,30,40,30,50,50,50,40,40,40,20,30,30,30,20,40,40,30,20,20,10,20,30,20,10,20,20,10,10
"clickfunnels alternatives",240,230,240,200,"United States","12.89",22,,-39,"LISTICLES, REDDIT","","Missing words in title","AI Overview, People Also Ask","","","","","","","","","","","","","","1300","1000",1000,880,880,880,880,880,880,720,720,720,880,720,720,720,880,880,720,720,720,880,720,880,720,880,1000,880,880,1000,880,880,880,720,720,880,880,720,880,720,880,720,720,590,1000,590,590,390,390,480,590,480,720,720,480,390,260,210,320,320,320,170,170,170,320,260,260,170,260,170
"systeme io vs kajabi",30,30,40,10,"United States","4.21",29,10,-44,"LISTICLES","","Missing words in title","AI Overview, People Also Ask","","","","","","","","","","","","","","","",,,,,,,,,,,,,,,,,,20,10,20,20,10,20,20,20,30,10,10,30,30,40,50,40,70,70,40,50,40,70,70,50,70,40,40,40,50,70,70,70,40,50,40,30,30,30,20,50,30,30,20,30,70,140,30,20,10,20,20
"systeme io vs clickfunnels",30,30,30,10,"United States","8.00",32,22,-81,"LISTICLES, CORPORATE_BLOG_POSTS","","Missing words in title","AI Overview, People Also Ask","","","","","","","","","","","","","","","",,,,,,30,10,10,40,30,20,30,30,50,110,70,90,90,70,70,90,110,90,90,90,110,140,110,110,140,170,170,170,170,210,210,320,210,170,140,110,90,110,40,50,50,50,50,70,50,90,70,70,50,40,30,90,30,10,10,10,70,140,20,10,10,10,10
"kajabi alternatives",270,230,230,170,"United States","22.96",75,29,-51,"LISTICLES, REDDIT","","Missing words in title","AI Overview, People Also Ask","","","","","","","","","","","","","","","390",390,390,480,480,480,480,480,480,390,390,390,390,590,480,480,480,480,390,480,590,390,480,590,590,590,590,720,590,590,480,480,590,590,590,480,590,590,590,720,590,590,480,480,480,590,590,1900,1300,880,720,590,590,480,320,320,210,720,260,210,210,260,260,480,210,210,170,170,170
"se ranking",7600,5800,5200,5000,"United States","7.30",54,50,-33,"HOMEPAGES, TRUSTPILOT, YOUTUBE, REDDIT","","","People Also Ask","","","","","","","","","","","","","","","",,,,1000,880,1000,1000,1300,1300,1300,1300,1300,1600,1600,12100,1600,1600,1600,1600,1900,1600,1900,1900,1900,2400,2400,2400,2400,2900,2900,4400,2900,2900,2900,3600,3600,4400,4400,4400,4400,4400,3600,4400,4400,4400,5400,4400,4400,5400,12100,18100,18100,12100,6600,5400,6600,27100,8100,6600,6600,6600,5400,5400,5400,5400,5400,5400,4400
"se ranking review",880,360,170,210,"United States","22.56",11,41,-67,"TRUSTPILOT, REDDIT, REVIEWS, G2","","Missing words in title","AI Overview, People Also Ask","","","","","","","","","","","","","","","",,90,110,70,50,90,70,90,90,110,90,110,110,110,170,110,260,170,170,170,170,170,140,90,110,90,110,210,260,210,210,140,140,140,140,170,170,210,170,170,140,170,390,260,210,110,110,140,480,2400,2900,3600,1600,260,140,320,6600,880,880,590,480,140,140,140,140,260,260,110
"se ranking pricing",590,240,160,180,"United States","10.89",43,,-74,"HOMEPAGES, DOCUMENTATION, LISTICLES","","Missing words in title","People Also Ask","","","","","","","","","","","","","","","",,70,40,40,50,70,70,70,70,50,70,70,90,70,70,90,110,110,110,140,170,140,140,90,110,90,110,140,170,210,170,110,140,210,140,110,210,210,320,480,260,590,1000,590,1900,260,260,590,720,2400,2900,2400,1600,390,210,480,4400,720,260,170,390,210,210,110,110,210,260,90
"se ranking alternatives",60,60,100,150,"United States","22.85",2,26,-43,"LISTICLES, REDDIT","","Missing words in title","AI Overview","","","","","","","","","","","","","","","",,,10,10,10,10,10,10,10,10,10,10,20,10,10,10,10,10,10,10,10,10,10,10,10,20,50,30,40,20,20,20,50,50,50,50,70,50,40,40,40,50,40,50,40,40,40,40,50,70,110,210,260,210,110,210,90,20,20,20,40,30,70,40,50,110,170,170
"se ranking vs mangools",10,10,10,10,"United States","",,19,0,"LISTICLES, TOOLS","","Missing words in title","AI Overview, People Also Ask","","","","","","","","","","","","","","","",,,,,,,,,,,,,,,,,,,,,,,,,,,,,,,,,,,,,,,,,,,,,,,,,,,,,,,10,10,10,10,30,10,10,10,10,10,10,10,,
"mangools",1500,1400,1400,1300,"United States","19.54",61,43,7,"HOMEPAGES","","Missing words in title","People Also Ask","","","","","","","","","","","","","","","",,,1900,1300,1600,1300,1300,1600,1300,1300,1600,1300,1300,1300,1300,1300,1600,1900,1900,1900,1900,1900,1600,1600,2400,1900,1900,1600,1600,1600,1900,1600,1600,1600,1900,1600,1900,1900,1600,1600,1600,1600,1600,1600,1600,1600,1600,1600,1900,1600,2400,1600,1600,1300,1300,1300,1600,1300,1600,1600,1600,1600,1600,1300,1900,1300,1300,1300
"mangools review",140,90,70,70,"United States","51.59",8,65,-50,"HOMEPAGES","informational","Missing words in title","AI Overview, People Also Ask","","","","","","","","","","","","","","","",90,70,70,70,50,70,50,140,30,40,40,40,40,50,50,70,70,110,140,110,90,70,70,50,70,70,70,70,50,70,70,70,70,110,110,50,70,50,50,50,50,50,40,50,70,50,70,90,170,320,480,390,390,70,40,110,720,110,210,110,70,70,90,70,70,70,110,30
"mangools pricing",30,30,20,20,"United States","19.84",50,68,-10,"HOMEPAGES","","Missing words in title","AI Overview, People Also Ask","","","","","","","","","","","","","","","",,,50,20,50,30,30,50,40,30,70,30,50,40,70,50,40,70,70,70,50,50,70,70,50,70,90,70,70,70,50,40,40,50,70,70,70,70,50,70,70,50,260,170,70,50,110,70,90,110,110,40,30,40,30,30,40,40,40,30,30,30,20,30,40,30,20,20
"mangools alternatives",130,80,90,110,"United States","",0,,-14,"LISTICLES, REDDIT","","Missing words in title","AI Overview","","","","","","","","","","","","","","","",,,,,,,,,,,,,,,,,,,,40,20,10,30,20,10,10,20,30,20,20,20,10,20,10,30,10,20,10,10,10,10,10,10,10,20,0,30,20,50,260,390,320,170,90,30,90,720,70,170,50,30,50,90,70,40,70,140,140
"mangools vs se ranking",10,10,10,10,"United States","",0,19,0,"LISTICLES, TOOLS, REDDIT","","Missing words in title","AI Overview, People Also Ask","0","0","0","0","0","0","0","0","0","0","0","0","0","0","0",0,0,0,10,10,0,0,0,0,0,10,0,0,10,0,0,0,10,0,0,10,0,10,10,10,10,10,10,10,10,10,10,10,10,10,10,10,10,0,0,0,0,10,0,10,10,0,10,10,10,10,10,10,10,10,10,0,10,10,10,10,10,10,10,10,10,10,10
"best seo tools for small businesses",350,270,280,320,"United States","18.45",18,23,-43,"LISTICLES, REDDIT","","Missing words in title","AI Overview, People Also Ask","","","","","","","","","","","","","","","",,50,70,50,50,50,50,50,50,90,90,110,110,140,110,110,110,140,140,140,140,140,140,110,170,210,210,210,260,210,170,210,170,140,210,140,170,210,210,210,320,590,1000,480,880,390,320,320,590,880,1000,1300,1000,480,320,480,1300,390,480,140,170,140,260,140,320,320,390,260
"best affordable seo tools",10,10,10,10,"United States","",21,33,-77,"LISTICLES, REDDIT","","Missing words in title","AI Overview, People Also Ask","","","","","","","","0","0","0","0","0","0","0","0",0,10,10,10,10,10,10,10,10,0,10,10,10,10,10,10,10,10,10,10,10,10,10,10,10,10,10,10,10,10,10,10,10,10,10,10,10,20,20,10,40,10,50,30,10,10,10,10,20,10,40,50,40,50,40,20,90,10,10,10,10,10,10,10,10,10,10,10
"best rank tracking tools",1000,1000,980,470,"United States","44.74",2,,-48,"HOMEPAGES","","Missing words in title","","","","","","","","","","","","","","","","",,,590,590,590,720,720,720,720,720,590,880,880,720,880,880,880,590,480,480,320,590,590,720,480,480,720,590,720,720,590,720,880,880,1000,390,480,590,720,590,880,320,590,480,880,480,480,320,720,1900,2400,2900,1900,880,480,390,1600,590,260,170,170,4400,3600,390,480,480,720,210
"best keyword research tools",660,600,790,730,"United States","17.09",16,48,-55,"HOMEPAGES","","Missing words in title","People Also Ask","","","","","","","","","","","","","","","",,,1900,1900,1900,1900,1900,1900,1600,1900,1600,1600,1900,1900,1900,1900,1900,1900,2400,2400,1600,1900,1600,1900,2400,1900,1600,1900,1300,1300,1000,1300,1600,1900,2900,2400,2900,2400,2400,2400,2400,1600,2400,1900,2400,2900,2400,2400,3600,2400,2900,2900,2900,1600,1000,880,1300,590,390,260,260,390,1000,720,880,720,880,590
"seo tools for small business",430,330,220,180,"United States","48.33",5,25,-87,"REDDIT, LISTICLES","","Missing words in title","AI Overview","","","","","","","","","","","","","","","",,,,,,,,,,,,,,,,,,,,,90,90,90,70,70,90,140,140,170,110,140,140,170,90,170,90,170,140,90,110,110,70,110,90,110,210,170,320,1000,880,1000,1300,2400,1900,1000,720,1600,720,590,320,390,260,390,210,210,320,170,70