"Keyword SEO Difficulty","SERP Features Impact","Number of Results"
30,1,93
 
"position","title","url","linkProfileStrength","domainAuthority","pageAuthority","citationFlow","trustFlow","mozRank","mozRankExternalEquity","mozRankRoot","mozRankRootCombined","mozRankRootExternalEquity","mozRankSubdomain","mozRankSubdomainCombined","mozRankSubdomainExternalEquity","mozTrust","mozTrustSubdomain","mozTrustRoot","authorityLinks","links","externalLinks","externalLinksToRoot","externalLinksToSubdomain","subdomainExternalLinks","linksToSubdomain","linksToRoot","subdomainLinking","subdomainLinkingToSubdomain","rootDomainRootDomainsLinking","rootDomainsLinkingToSubdomain","rootDomainsLinking","linkingCBlocks","spamScoreSubdomain","facebookShares","topRank","acRank","externalBackLinks","externalBackLinksEdu","externalBackLinksEduExact","externalBackLinksGov","externalBackLinksGovExact","indexedURLs","outDomainsExternal","outLinksExternal","outLinksInternal","refDomains","refDomainsEdu","refDomainsEduExact","refDomainsGov","refDomainsGovExact","refIPs","refSubNets"
1,"Systeme.io Pricing — Free, Startup, Webinar, Unlimited Plans","https://systeme.io/pricing",69,75,56,48,28,5.599999905,2.063348532,7.5,3.132178783,7.180219173,3.132178783,7.5,3.016789436,5.599999905,3.132178783,7.5,570,1909,932,18153363,6586625,6367195,6830314,18937288,295,30687,73480,30687,295,73480,1,421,11955,7,953,0,0,0,0,1,5,7,39,243,0,0,0,0,186,156
,"[SERP FEATURE]: People Also Ask","",,,,,,,,,,,,,,,,,,,,,,,,,,,,,,,,,,,,,,,,,,,,,,,,,,
2,"Systeme.io Pricing 2026: Free Plan Limits & When to ...","https://landerlab.io/blog/systeme-io-pricing",27,20,26,26,5,2.599999905,0.08124999702,2,1.961135983,1.067483306,1.961135983,2,1.170478225,2.599999905,1.961135983,2,1,44,13,67000,66859,66040,111470,124837,2,656,669,656,2,669,1,,109187,4,16,0,0,0,0,1,0,0,21,9,0,0,0,0,9,9
3,"Systeme.io - The only tool you need to launch your online ...","https://systeme.io/",85,75,68,59,42,6.800000191,6.606890202,7.5,3.126017332,7.200219154,3.126017332,7.5,3.027299643,6.800000191,3.126017332,7.5,1565353,1636937,1591179,18764876,7181616,6952839,7408492,19522860,16107,30214,72490,30214,16107,72490,1,127989,11955,9,30634,1,0,0,0,1,5,7,40,6913,1,0,0,0,4480,1390
4,"▷ Systeme.io Free Plan - Features & Limitations [2026]","https://freetemplates.systeme.io/free-plan",32,75,37,10,0,3.700000048,0,7.5,0.0007144801202,7.180219173,0.0007144801202,7.5,0.000231723272,3.700000048,0.0007144801202,7.5,0,1,0,18153363,57,36,154,18937288,0,7,73480,7,0,73480,1,,11955,2,1,0,0,0,0,1,0,0,13,1,0,0,0,0,1,1
5,"Systeme.io Pricing 2026","https://www.capterra.com/p/198994/Systeme/pricing/",44,79,42,16,14,4.199999809,4.199999809,7.900000095,7.721684933,7.563388348,7.721684933,7.900000095,7.411569118,4.199999809,7.721684933,7.900000095,1,14,14,33275529,32878870,29710920,34145253,34633716,3,69762,71373,69762,3,71373,1,,5957,2,7,0,0,0,0,1,7,7,113,3,0,0,0,0,3,3
6,"Systeme.io Plans & Pricing: An In-Depth Comparison","https://www.markinblog.com/systeme-io-pricing/",26,47,29,16,0,2.900000095,0.3222222328,4.699999809,4.689091206,2.318884134,4.689091206,4.699999809,2.31050992,2.900000095,4.689091206,4.699999809,1,11,3,21965,21325,16496,38555,39431,3,3009,3016,3009,3,3016,1,,646102,2,2,0,0,0,0,1,4,4,17,2,0,0,0,0,2,2
7,"Systeme.io Pricing 2026: Free Plan + $17 to $97/mo","https://thatmarketingbuddy.com/pricing/systeme-io",25,17,19,26,7,1.899999976,0.07307692617,1.700000048,1.700000048,0.1461220384,1.700000048,1.700000048,0.1461220384,1.899999976,1.700000048,1.700000048,1,26,1,2971,2971,2826,37114,37114,1,128,128,128,1,128,1,,,4,5,0,0,0,0,1,5,5,36,3,0,0,0,0,3,3